<?xml version="1.0" encoding="UTF-8"?>
<!DOCTYPE struts PUBLIC
"-//Apache Software Foundation//DTD Struts Configuration 2.0//EN"
"http://struts.apache.org/dtds/struts-2.0.dtd">

<struts>
	<package name="SWE642_Struts2Tiles_App" extends="struts-default"
		namespace="/">

		<result-types>
			<result-type name="tiles"
				class="org.apache.struts2.views.tiles.TilesResult" />
		</result-types>

		<action name="loadStudentSurveyForm" class="edu.gmu.actions.StudentSurveyDetailsAction"
			method="loadStudentSurveyForm">
			<result name="success" type="tiles">/student.survey.tiles
			</result>
		</action>

		<action name="saveSurveyDetails" class="edu.gmu.actions.StudentSurveyDetailsAction"
			method="saveSurveyDetails">
			<result name="simpleAcknowledgement" type="tiles">/simple.acknowledge.tiles
			</result>
			<result name="winnerAcknowledgement" type="tiles">/winner.acknowledge.tiles
			</result>
		</action>

		<action name="retrieveStudentDetails" class="edu.gmu.actions.StudentSurveyDetailsAction"
			method="retrieveStudentDetails">
			<result name="student" type="tiles">/student.info.tiles</result>
			<result name="noStudent" type="tiles">/no.student.tiles</result>
		</action>
	</package>
</struts>