<?xml version="1.0" encoding="UTF-8"?>

<!DOCTYPE tiles-definitions PUBLIC
       "-//Apache Software Foundation//DTD Tiles Configuration 2.0//EN"
       "http://tiles.apache.org/dtds/tiles-config_2_0.dtd">

<tiles-definitions>
	<definition name="baseLayout" template="/jsps/baseLayout.jsp">
		<put-attribute name="title" value="" />
		<put-attribute name="header" value="/jsps/csHeader.jsp" />
		<put-attribute name="body" value="" />
		<put-attribute name="footer" value="/jsps/dcFooter.jsp" />
	</definition>

	<definition name="/student.survey.tiles" extends="baseLayout">
		<put-attribute name="title" value="Student Survey Form" />
		<put-attribute name="body" value="/jsps/studentSurvey.jsp" />
	</definition>

	<definition name="/simple.acknowledge.tiles" extends="baseLayout">
		<put-attribute name="title" value="Simple Acknowledgement Page" />
		<put-attribute name="body" value="/jsps/simpleAcknowledgement.jsp" />
	</definition>

	<definition name="/winner.acknowledge.tiles" extends="baseLayout">
		<put-attribute name="title" value="Winner Acknowledgement Page" />
		<put-attribute name="body" value="/jsps/winnerAcknowledgement.jsp" />
	</definition>

	<definition name="/student.info.tiles" extends="baseLayout">
		<put-attribute name="title" value="Student Survey Information Page" />
		<put-attribute name="body" value="/jsps/studentJSP.jsp" />
	</definition>

	<definition name="/no.student.tiles" extends="baseLayout">
		<put-attribute name="title" value="Winner Acknowledgement Page" />
		<put-attribute name="body" value="/jsps/noSuchStudentJSP.jsp" />
	</definition>
</tiles-definitions>